image,idx,u,v,depth_m
he_img_0000.png,0,753.909912109375,134.05386352539062,1.1035000085830688
he_img_0000.png,1,743.0555419921875,222.85345458984375,0.5470000505447388
he_img_0000.png,2,733.5276489257812,300.1452941894531,0.4960000216960907
he_img_0000.png,3,725.11572265625,367.8973693847656,0.628000020980835
he_img_0000.png,4,704.0137329101562,175.6226348876953,0.5370000004768372
he_img_0000.png,5,696.9276733398438,257.822509765625,0.5400000214576721
he_img_0000.png,6,690.7081909179688,329.7654724121094,0.6085000038146973
he_img_0000.png,7,685.1881713867188,393.094482421875,0.5680000185966492
he_img_0000.png,8,662.9370727539062,126.12809753417969,1.7445000410079956
he_img_0000.png,9,658.5376586914062,213.55657958984375,0.5
he_img_0000.png,10,654.6787719726562,289.9325866699219,1.4510000944137573
he_img_0000.png,11,651.3157958984375,357.0588684082031,1.4000000953674316
he_img_0000.png,12,618.2504272460938,167.28973388671875,1.2380000352859497
he_img_0000.png,13,616.98046875,248.30760192871094,0.5450000166893005
he_img_0000.png,14,615.92919921875,319.4192810058594,2.1670000553131104
he_img_0000.png,15,614.958984375,382.22833251953125,0.8200000524520874
he_img_0000.png,16,576.0771484375,118.8883056640625,1.0525000095367432
he_img_0000.png,17,577.5780029296875,204.885009765625,
he_img_0000.png,18,579.0198364257812,280.16400146484375,
he_img_0000.png,19,580.1915283203125,346.6759338378906,0.5960000157356262
he_img_0001.png,0,845.8211669921875,151.48866271972656,0.5100000500679016
he_img_0001.png,1,820.5401000976562,238.5094757080078,0.5645000338554382
he_img_0001.png,2,798.5689697265625,313.8409729003906,0.9265000224113464
he_img_0001.png,3,779.290771484375,379.6493225097656,0.5260000228881836
he_img_0001.png,4,788.2030029296875,187.33326721191406,0.7110000252723694
he_img_0001.png,5,768.0098876953125,268.0589904785156,0.5090000033378601
he_img_0001.png,6,750.363525390625,338.404052734375,0.5360000133514404
he_img_0001.png,7,734.797119140625,400.0715026855469,0.6010000109672546
he_img_0001.png,8,754.0035400390625,133.46038818359375,1.1695001125335693
he_img_0001.png,9,735.7830810546875,219.9696502685547,0.9915000200271606
he_img_0001.png,10,719.9175415039062,295.1400146484375,1.0410000085830688
he_img_0001.png,11,705.9720458984375,360.99395751953125,0.9610000252723694
he_img_0001.png,12,701.7937622070312,169.48178100585938,0.7750000357627869
he_img_0001.png,13,687.8890991210938,249.8397979736328,1.0170000791549683
he_img_0001.png,14,675.7843017578125,320.05511474609375,0.6115000247955322
he_img_0001.png,15,665.0123291015625,381.8321838378906,3.011000156402588
he_img_0001.png,16,666.0305786132812,116.48555755615234,0.7380000352859497
he_img_0001.png,17,654.284423828125,202.35491943359375,1.7200000286102295
he_img_0001.png,18,644.11328125,277.1941223144531,0.7190000414848328
he_img_0001.png,19,635.0667724609375,343.03533935546875,0.6160000562667847
he_img_0002.png,0,739.98388671875,204.00357055664062,0.5690000057220459
he_img_0002.png,1,731.8552856445312,276.9119567871094,0.6080000400543213
he_img_0002.png,2,724.2615356445312,344.21209716796875,0.6150000095367432
he_img_0002.png,3,717.1966552734375,406.39892578125,0.6670000553131104
he_img_0002.png,4,699.3970336914062,237.77520751953125,4.525500297546387
he_img_0002.png,5,693.0166015625,307.4515686035156,0.6035000085830688
he_img_0002.png,6,687.1287231445312,371.8356018066406,0.6285000443458557
he_img_0002.png,7,681.6689453125,431.36505126953125,6.593000411987305
he_img_0002.png,8,666.0097045898438,197.73118591308594,2.258000135421753
he_img_0002.png,9,660.945556640625,269.80120849609375,0.6255000233650208
he_img_0002.png,10,656.2530517578125,336.4071960449219,0.906000018119812
he_img_0002.png,11,651.9451293945312,397.9981689453125,1.0049999952316284
he_img_0002.png,12,628.0300903320312,231.24908447265625,1.6250001192092896
he_img_0002.png,13,624.5839233398438,300.13128662109375,0.6410000324249268
he_img_0002.png,14,621.4525756835938,363.8777160644531,0.6835000514984131
he_img_0002.png,15,618.4646606445312,422.8980407714844,0.9280000329017639
he_img_0002.png,16,594.3479614257812,191.80699157714844,0.6450000405311584
he_img_0002.png,17,592.1373901367188,262.97900390625,1.8410000801086426
he_img_0002.png,18,590.2026977539062,328.8711242675781,0.706000030040741
he_img_0002.png,19,588.3755493164062,389.8965148925781,1.7605000734329224
he_img_0003.png,0,563.449951171875,132.18865966796875,0.5560000538825989
he_img_0003.png,1,576.7869262695312,203.61318969726562,0.7480000257492065
he_img_0003.png,2,589.254150390625,270.28485107421875,0.6360000371932983
he_img_0003.png,3,600.919921875,332.5772399902344,0.6580000519752502
he_img_0003.png,4,536.3502197265625,174.09393310546875,0.5980000495910645
he_img_0003.png,5,550.3311767578125,242.560302734375,0.5080000162124634
he_img_0003.png,6,563.4578247070312,306.5310974121094,0.7260000109672546
he_img_0003.png,7,575.7825317382812,366.2787780761719,0.7690000534057617
he_img_0003.png,8,494.9201965332031,143.865478515625,0.5190000534057617
he_img_0003.png,9,510.49676513671875,214.2169952392578,1.9310001134872437
he_img_0003.png,10,525.1065673828125,279.8302001953125,0.7080000042915344
he_img_0003.png,11,538.8556518554688,341.1913757324219,0.7400000095367432
he_img_0003.png,12,469.7078857421875,185.18508911132812,0.6040000319480896
he_img_0003.png,13,485.8572692871094,252.55935668945312,1.1740000247955322
he_img_0003.png,14,501.0936279296875,315.4805908203125,1.3370000123977661
he_img_0003.png,15,515.321533203125,374.359375,0.6360000371932983
he_img_0003.png,16,427.9321594238281,155.45347595214844,0.6030000448226929
he_img_0003.png,17,445.7423400878906,224.66419982910156,1.0920000076293945
he_img_0003.png,18,462.48980712890625,289.2123107910156,1.069000005722046
he_img_0003.png,19,478.07501220703125,349.6331787109375,0.6840000152587891
he_img_0004.png,0,531.0087890625,131.53204345703125,0.5840000510215759
he_img_0004.png,1,549.7014770507812,209.84767150878906,0.5200000405311584
he_img_0004.png,2,566.76513671875,281.1645812988281,0.5460000038146973
he_img_0004.png,3,582.38818359375,346.27593994140625,0.5705000162124634
he_img_0004.png,4,503.4527893066406,178.55484008789062,1.125
he_img_0004.png,5,522.9075317382812,252.44151306152344,0.5850000381469727
he_img_0004.png,6,540.721435546875,319.84039306640625,0.6330000162124634
he_img_0004.png,7,557.0692749023438,381.44293212890625,0.7980000376701355
he_img_0004.png,8,455.6212463378906,146.2382354736328,0.5509999990463257
he_img_0004.png,9,477.63067626953125,222.8205108642578,11.02500057220459
he_img_0004.png,10,497.7249755859375,292.55078125,0.6450000405311584
he_img_0004.png,11,516.2003173828125,356.30780029296875,1.0080000162124634
he_img_0004.png,12,430.9046630859375,192.2488250732422,0.5110000371932983
he_img_0004.png,13,453.4202575683594,264.4940490722656,0.6490000486373901
he_img_0004.png,14,474.10723876953125,330.41827392578125,0.7110000252723694
he_img_0004.png,15,493.1740417480469,390.70770263671875,0.8180000185966492
he_img_0004.png,16,382.5810546875,160.66880798339844,0.5020000338554382
he_img_0004.png,17,407.757080078125,235.5145721435547,7.813000202178955
he_img_0004.png,18,430.7896728515625,303.68841552734375,0.6460000276565552
he_img_0004.png,19,451.9278259277344,366.1343688964844,0.6880000233650208
he_img_0005.png,0,677.7593383789062,320.65557861328125,0.5390000343322754
he_img_0005.png,1,678.1704711914062,393.618896484375,0.6020000576972961
he_img_0005.png,2,678.4932861328125,462.2345275878906,0.625
he_img_0005.png,3,678.7916259765625,526.7305908203125,0.6455000042915344
he_img_0005.png,4,641.064697265625,356.5113830566406,9.188000679016113
he_img_0005.png,5,642.5341796875,426.54296875,0.5890000462532043
he_img_0005.png,6,643.9043579101562,492.4114990234375,0.6220000386238098
he_img_0005.png,7,645.2254028320312,554.3250732421875,0.6530000567436218
he_img_0005.png,8,603.6806030273438,319.13897705078125,2.3365001678466797
he_img_0005.png,9,606.2612915039062,390.52447509765625,0.597000002861023
he_img_0005.png,10,608.736083984375,457.7410888671875,3.7950000762939453
he_img_0005.png,11,611.1197509765625,520.9727172851562,0.6550000309944153
he_img_0005.png,12,569.7554931640625,354.2473449707031,0.9750000238418579
he_img_0005.png,13,573.2914428710938,422.77447509765625,3.506000280380249
he_img_0005.png,14,576.6959228515625,487.2919921875,0.6420000195503235
he_img_0005.png,15,579.9503173828125,548.1249389648438,0.6810000538825989
he_img_0005.png,16,533.1101684570312,317.77532958984375,0.5835000276565552
he_img_0005.png,17,537.6839599609375,387.5308532714844,0.7265000343322754
he_img_0005.png,18,542.13232421875,453.3699951171875,2.200000047683716
he_img_0005.png,19,546.3067016601562,515.3668823242188,0.6500000357627869
he_img_0006.png,0,677.7366333007812,322.898193359375,0.5400000214576721
he_img_0006.png,1,678.16650390625,395.78997802734375,0.5730000138282776
he_img_0006.png,2,678.52294921875,464.38238525390625,0.6265000104904175
he_img_0006.png,3,678.8036499023438,528.893798828125,0.6020000576972961
he_img_0006.png,4,641.1074829101562,358.71746826171875,0.6550000309944153
he_img_0006.png,5,642.5650024414062,428.6876220703125,0.5960000157356262
he_img_0006.png,6,643.9459838867188,494.5570068359375,0.6265000104904175
he_img_0006.png,7,645.2459106445312,556.520751953125,0.6470000147819519
he_img_0006.png,8,603.7630004882812,321.3814697265625,0.5760000348091125
he_img_0006.png,9,606.327392578125,392.69158935546875,0.5910000205039978
he_img_0006.png,10,608.7702026367188,459.89544677734375,0.6270000338554382
he_img_0006.png,11,611.159423828125,523.1482543945312,0.6520000100135803
he_img_0006.png,12,569.8796997070312,356.4468688964844,0.5995000004768372
he_img_0006.png,13,573.3866577148438,424.942138671875,3.2690000534057617
he_img_0006.png,14,576.7625732421875,489.44293212890625,0.6350000500679016
he_img_0006.png,15,580.0158081054688,550.32373046875,1.40500009059906
he_img_0006.png,16,533.3013305664062,320.0519714355469,0.5830000042915344
he_img_0006.png,17,537.8178100585938,389.69989013671875,0.7360000610351562
he_img_0006.png,18,542.2265625,455.50421142578125,1.0210000276565552
he_img_0006.png,19,546.353759765625,517.5482788085938,0.6390000581741333
he_img_0007.png,0,636.5724487304688,197.90296936035156,0.6990000605583191
he_img_0007.png,1,639.1300659179688,257.9224548339844,0.7210000157356262
he_img_0007.png,2,641.5731811523438,315.8141174316406,0.4970000088214874
he_img_0007.png,3,643.975830078125,371.6597595214844,0.7730000615119934
he_img_0007.png,4,608.4268188476562,229.44374084472656,0.6330000162124634
he_img_0007.png,5,611.461669921875,288.297607421875,0.6520000100135803
he_img_0007.png,6,614.4085083007812,345.12200927734375,0.6680000424385071
he_img_0007.png,7,617.3433837890625,399.88470458984375,0.6960000395774841
he_img_0007.png,8,577.2360229492188,200.54806518554688,0.7640000581741333
he_img_0007.png,9,580.8370361328125,260.3843688964844,0.625
he_img_0007.png,10,584.4090576171875,318.1363220214844,0.8350000381469727
he_img_0007.png,11,587.8399658203125,373.8224182128906,0.8015000224113464
he_img_0007.png,12,549.74755859375,232.03175354003906,0.815000057220459
he_img_0007.png,13,553.902099609375,290.7045593261719,0.8240000605583191
he_img_0007.png,14,557.8949584960938,347.3454284667969,0.8490000367164612
he_img_0007.png,15,561.802734375,401.9991760253906,0.878000020980835
he_img_0007.png,16,518.1764526367188,203.2647705078125,0.8980000615119934
he_img_0007.png,17,522.8892822265625,262.8698425292969,0.9230000376701355
he_img_0007.png,18,527.4769287109375,320.5057373046875,0.7660000324249268
he_img_0007.png,19,531.9553833007812,376.04180908203125,0.7765000462532043
he_img_0008.png,0,627.7890625,206.19863891601562,
he_img_0008.png,1,630.225341796875,259.3625793457031,
he_img_0008.png,2,632.6958618164062,311.80755615234375,
he_img_0008.png,3,635.1381225585938,363.430908203125,0.4960000216960907
he_img_0008.png,4,602.7318725585938,233.97344970703125,
he_img_0008.png,5,605.3472290039062,286.8838195800781,
he_img_0008.png,6,608.0578002929688,338.9501037597656,0.4960000216960907
he_img_0008.png,7,610.6910400390625,390.3155822753906,0.4970000088214874
he_img_0008.png,8,574.8973388671875,208.33055114746094,0.6980000138282776
he_img_0008.png,9,577.7845458984375,261.640869140625,
he_img_0008.png,10,580.6452026367188,314.248291015625,
he_img_0008.png,11,583.4625854492188,366.0542297363281,0.4960000216960907
he_img_0008.png,12,549.8707885742188,236.20556640625,1.0070000886917114
he_img_0008.png,13,552.9649047851562,289.23370361328125,
he_img_0008.png,14,556.010498046875,341.50909423828125,
he_img_0008.png,15,559.0889892578125,392.9659423828125,0.49500003457069397
he_img_0008.png,16,521.7175903320312,210.52182006835938,0.8200000524520874
he_img_0008.png,17,525.0319213867188,263.94720458984375,
he_img_0008.png,18,528.3074340820312,316.75042724609375,
he_img_0008.png,19,531.5916137695312,368.6617736816406,0.49500003457069397
he_img_0009.png,0,642.1954345703125,185.982177734375,0.8560000658035278
he_img_0009.png,1,666.1162109375,239.7350311279297,0.4960000216960907
he_img_0009.png,2,689.572021484375,292.547607421875,0.6910000443458557
he_img_0009.png,3,712.487548828125,344.2582702636719,1.1825000047683716
he_img_0009.png,4,627.8964233398438,225.26055908203125,2.552500009536743
he_img_0009.png,5,651.7680053710938,278.21234130859375,15.150500297546387
he_img_0009.png,6,675.1224365234375,330.1515197753906,0.6530000567436218
he_img_0009.png,7,697.977294921875,381.02105712890625,0.9380000233650208
he_img_0009.png,8,589.6044311523438,210.7842254638672,5.076000213623047
he_img_0009.png,9,613.8436889648438,263.91595458984375,1.558500051498413
he_img_0009.png,10,637.6370239257812,316.02349853515625,0.4970000088214874
he_img_0009.png,11,660.9720458984375,367.1299133300781,1.2350000143051147
he_img_0009.png,12,575.8607788085938,249.6261749267578,1.4930000305175781
he_img_0009.png,13,600.0576171875,301.8954162597656,
he_img_0009.png,14,623.8494873046875,353.1219177246094,1.0940001010894775
he_img_0009.png,15,647.075927734375,403.4249267578125,0.5180000066757202
he_img_0009.png,16,537.8550415039062,235.33294677734375,3.4630000591278076
he_img_0009.png,17,562.4158935546875,287.76507568359375,0.8340000510215759
he_img_0009.png,18,586.5902099609375,339.1376953125,0.6260000467300415
he_img_0009.png,19,610.240234375,389.66693115234375,1.2995001077651978
he_img_0010.png,0,784.9346923828125,247.34605407714844,0.5330000519752502
he_img_0010.png,1,764.1263427734375,311.5138854980469,0.6660000085830688
he_img_0010.png,2,744.9115600585938,370.516845703125,0.9080000519752502
he_img_0010.png,3,727.1492919921875,424.87939453125,0.6620000600814819
he_img_0010.png,4,741.1039428710938,271.0389099121094,0.6690000295639038
he_img_0010.png,5,722.5269775390625,332.7706604003906,1.0070000886917114
he_img_0010.png,6,705.4186401367188,389.5805358886719,1.1875
he_img_0010.png,7,689.6932373046875,441.9413757324219,0.6580000519752502
he_img_0010.png,8,717.1474609375,229.09080505371094,0.609000027179718
he_img_0010.png,9,699.298828125,293.6419982910156,1.00600004196167
he_img_0010.png,10,682.89404296875,353.046630859375,1.3570001125335693
he_img_0010.png,11,667.7288818359375,407.7713317871094,1.1790000200271606
he_img_0010.png,12,675.18798828125,253.15943908691406,1.090000033378601
he_img_0010.png,13,659.5504150390625,315.1606750488281,1.0600000619888306
he_img_0010.png,14,645.0859985351562,372.328125,0.7540000081062317
he_img_0010.png,15,631.7027587890625,425.12408447265625,4.794000148773193
he_img_0010.png,16,650.2125244140625,211.27743530273438,0.8355000615119934
he_img_0010.png,17,635.3346557617188,276.0528259277344,1.0120000839233398
he_img_0010.png,18,621.5861206054688,335.7940368652344,1.56850004196167
he_img_0010.png,19,608.9500732421875,390.8316955566406,0.815000057220459
he_img_0011.png,0,758.72705078125,193.82728576660156,0.7150000333786011
he_img_0011.png,1,743.1920776367188,255.39842224121094,0.7910000085830688
he_img_0011.png,2,728.5802001953125,313.29248046875,0.5190000534057617
he_img_0011.png,3,714.8639526367188,367.6907653808594,0.6620000600814819
he_img_0011.png,4,720.3777465820312,218.5012969970703,0.940000057220459
he_img_0011.png,5,706.2543334960938,278.3550720214844,1.2600001096725464
he_img_0011.png,6,693.0752563476562,334.6136474609375,0.8460000157356262
he_img_0011.png,7,680.6190795898438,387.5486755371094,1.3230000734329224
he_img_0011.png,8,696.768798828125,180.51321411132812,0.6975000500679016
he_img_0011.png,9,683.2455444335938,242.45367431640625,1.286500096321106
he_img_0011.png,10,670.5653686523438,300.6020202636719,1.065500020980835
he_img_0011.png,11,658.6015625,355.3132629394531,1.309000015258789
he_img_0011.png,12,659.5201416015625,205.46099853515625,1.2720000743865967
he_img_0011.png,13,647.4637451171875,265.5625,0.9550000429153442
he_img_0011.png,14,635.983154296875,322.1258850097656,1.1610000133514404
he_img_0011.png,15,625.281005859375,375.31512451171875,0.5090000033378601
he_img_0011.png,16,635.0850830078125,167.47898864746094,0.7610000371932983
he_img_0011.png,17,623.5934448242188,229.52810668945312,0.7880000472068787
he_img_0011.png,18,612.7196655273438,288.0383605957031,0.6290000081062317
he_img_0011.png,19,602.5810546875,342.99761962890625,0.843000054359436
he_img_0012.png,0,665.3927612304688,295.52777099609375,0.6330000162124634
he_img_0012.png,1,661.4524536132812,334.41845703125,0.6240000128746033
he_img_0012.png,2,657.4105834960938,374.459716796875,0.6160000562667847
he_img_0012.png,3,653.2176513671875,415.5099182128906,0.6080000400543213
he_img_0012.png,4,643.4249267578125,312.0128173828125,0.6270000338554382
he_img_0012.png,5,639.1236572265625,351.5763244628906,0.6180000305175781
he_img_0012.png,6,634.7135009765625,392.30419921875,0.612000048160553
he_img_0012.png,7,630.1900024414062,433.98321533203125,0.6010000109672546
he_img_0012.png,8,625.4945068359375,289.7485046386719,0.628000020980835
he_img_0012.png,9,620.9385375976562,328.82232666015625,0.6170000433921814
he_img_0012.png,10,616.2842407226562,369.068603515625,0.6150000095367432
he_img_0012.png,11,611.4967651367188,410.4246520996094,0.6010000109672546
he_img_0012.png,12,602.8783569335938,306.285400390625,0.6220000386238098
he_img_0012.png,13,597.9840087890625,346.0717468261719,0.612000048160553
he_img_0012.png,14,592.983154296875,387.0094909667969,0.6040000319480896
he_img_0012.png,15,587.8643188476562,428.9678955078125,0.5980000495910645
he_img_0012.png,16,584.9783935546875,283.89068603515625,0.6240000128746033
he_img_0012.png,17,579.823974609375,323.226318359375,0.6180000305175781
he_img_0012.png,18,574.612060546875,363.6282958984375,0.6050000190734863
he_img_0012.png,19,569.2486572265625,405.1928405761719,0.5990000367164612
he_img_0013.png,0,655.4940795898438,147.18360900878906,0.5540000200271606
he_img_0013.png,1,658.1456909179688,194.1348876953125,0.5630000233650208
he_img_0013.png,2,660.7156372070312,239.39718627929688,0.581000030040741
he_img_0013.png,3,663.1788330078125,283.0357666015625,0.5890000462532043
he_img_0013.png,4,634.2731323242188,172.3779296875,0.562000036239624
he_img_0013.png,5,637.2564697265625,218.33218383789062,0.5750000476837158
he_img_0013.png,6,640.1973266601562,262.68536376953125,0.5860000252723694
he_img_0013.png,7,643.064453125,305.39044189453125,0.597000002861023
he_img_0013.png,8,610.032958984375,150.34388732910156,0.5570000410079956
he_img_0013.png,9,613.5390625,196.99928283691406,0.5690000057220459
he_img_0013.png,10,616.9169311523438,242.00909423828125,0.5830000042915344
he_img_0013.png,11,620.2332153320312,285.33355712890625,0.5920000076293945
he_img_0013.png,12,589.4556274414062,175.45223999023438,0.5649999976158142
he_img_0013.png,13,593.3018188476562,221.12391662597656,0.5760000348091125
he_img_0013.png,14,597.058837890625,265.072509765625,0.5879999995231628
he_img_0013.png,15,600.6309814453125,307.6352233886719,0.5990000367164612
he_img_0013.png,16,565.0645141601562,153.59487915039062,0.5600000023841858
he_img_0013.png,17,569.3696899414062,199.97654724121094,0.5730000138282776
he_img_0013.png,18,573.6192016601562,244.65155029296875,0.5820000171661377
he_img_0013.png,19,577.6187744140625,287.7554626464844,0.5950000286102295
he_img_0014.png,0,576.4814453125,121.27501678466797,0.5660000443458557
he_img_0014.png,1,605.181884765625,156.38865661621094,0.5720000267028809
he_img_0014.png,2,633.663818359375,191.23377990722656,0.5740000009536743
he_img_0014.png,3,661.8026733398438,225.69586181640625,0.5800000429153442
he_img_0014.png,4,574.4273681640625,153.9835205078125,0.5750000476837158
he_img_0014.png,5,602.887939453125,188.61436462402344,0.5790000557899475
he_img_0014.png,6,631.0618286132812,222.9595184326172,0.581000030040741
he_img_0014.png,7,658.9509887695312,257.0010986328125,0.5870000123977661
he_img_0014.png,8,543.9121704101562,151.62564086914062,0.5720000267028809
he_img_0014.png,9,572.4370727539062,186.09500122070312,0.5800000429153442
he_img_0014.png,10,600.617919921875,220.27317810058594,0.5830000042915344
he_img_0014.png,11,628.56005859375,254.12876892089844,0.5870000123977661
he_img_0014.png,12,542.2451171875,183.6162872314453,0.581000030040741
he_img_0014.png,13,570.44677734375,217.61151123046875,0.5850000381469727
he_img_0014.png,14,598.3727416992188,251.30511474609375,0.5900000333786011
he_img_0014.png,15,626.0451049804688,284.7152099609375,0.5950000286102295
he_img_0014.png,16,512.3751220703125,181.22137451171875,0.5850000381469727
he_img_0014.png,17,540.54248046875,215.02218627929688,0.5879999995231628
he_img_0014.png,18,568.525390625,248.55699157714844,0.593000054359436
he_img_0014.png,19,596.2396850585938,281.7663879394531,0.597000002861023
he_img_0015.png,0,608.0391235351562,163.90724182128906,0.6500000357627869
he_img_0015.png,1,639.44384765625,211.72366333007812,1.1740000247955322
he_img_0015.png,2,668.84375,256.6695251464844,0.5260000228881836
he_img_0015.png,3,696.467529296875,298.9890441894531,0.4970000088214874
he_img_0015.png,4,601.3199462890625,202.322509765625,0.6710000038146973
he_img_0015.png,5,631.9279174804688,247.4834747314453,0.5380000472068787
he_img_0015.png,6,660.7077026367188,290.00738525390625,0.4960000216960907
he_img_0015.png,7,687.6732177734375,330.0694580078125,0.5040000081062317
he_img_0015.png,8,563.3389892578125,193.01356506347656,0.64000004529953
he_img_0015.png,9,595.0624389648438,238.350341796875,
he_img_0015.png,10,624.909912109375,281.07037353515625,0.4970000088214874
he_img_0015.png,11,652.9895629882812,321.3522644042969,0.5049999952316284
he_img_0015.png,12,558.267822265625,229.281494140625,0.6410000324249268
he_img_0015.png,13,589.1764526367188,272.16265869140625,0.4960000216960907
he_img_0015.png,14,618.3062133789062,312.6302490234375,0.5040000081062317
he_img_0015.png,15,645.7598266601562,350.85345458984375,0.5200000405311584
he_img_0015.png,16,521.612548828125,220.2926025390625,
he_img_0015.png,17,553.5413208007812,263.3526611328125,0.4960000216960907
he_img_0015.png,18,583.6493530273438,303.9872741699219,0.5020000338554382
he_img_0015.png,19,612.1002197265625,342.4233093261719,0.5210000276565552
he_img_0016.png,0,497.4059143066406,127.1579818725586,0.737000048160553
he_img_0016.png,1,551.1160888671875,153.07354736328125,0.8060000538825989
he_img_0016.png,2,604.1266479492188,178.72137451171875,0.6230000257492065
he_img_0016.png,3,656.4031982421875,204.16253662109375,0.4970000088214874
he_img_0016.png,4,515.7852172851562,166.55728149414062,0.9760000705718994
he_img_0016.png,5,567.9751586914062,191.56117248535156,4.9120001792907715
he_img_0016.png,6,619.4290771484375,216.3158416748047,8.083499908447266
he_img_0016.png,7,670.20703125,240.8360137939453,0.64000004529953
he_img_0016.png,8,481.958251953125,179.5675811767578,0.675000011920929
he_img_0016.png,9,533.2410278320312,203.93051147460938,2.328000068664551
he_img_0016.png,10,583.9365234375,228.0421600341797,5.906000137329102
he_img_0016.png,11,633.9819946289062,251.92855834960938,3.891000270843506
he_img_0016.png,12,499.93768310546875,215.87042236328125,2.36650013923645
he_img_0016.png,13,549.8270263671875,239.36720275878906,5.924000263214111
he_img_0016.png,14,599.119384765625,262.6664733886719,0.4960000216960907
he_img_0016.png,15,647.7305908203125,285.7669372558594,0.5290000438690186
he_img_0016.png,16,467.9826354980469,227.35752868652344,1.943000078201294
he_img_0016.png,17,517.0589599609375,250.30267333984375,4.714000225067139
he_img_0016.png,18,565.5777587890625,273.0273742675781,
he_img_0016.png,19,613.5220336914062,295.5918273925781,0.4960000216960907
he_img_0017.png,0,626.3724365234375,138.3345489501953,0.5870000123977661
he_img_0017.png,1,637.0248413085938,191.9338836669922,0.6830000281333923
he_img_0017.png,2,646.1778564453125,238.46182250976562,0.784000039100647
he_img_0017.png,3,654.1950073242188,279.200927734375,0.49900001287460327
he_img_0017.png,4,601.2516479492188,169.0071258544922,0.6770000457763672
he_img_0017.png,5,613.1945190429688,218.28042602539062,0.753000020980835
he_img_0017.png,6,623.5505981445312,261.2977600097656,0.8145000338554382
he_img_0017.png,7,632.6785278320312,299.1549987792969,0.5
he_img_0017.png,8,563.4673461914062,144.76858520507812,0.6770000457763672
he_img_0017.png,9,578.3349609375,197.0536346435547,0.7450000643730164
he_img_0017.png,10,591.2962646484375,242.53916931152344,0.7820000648498535
he_img_0017.png,11,602.6621704101562,282.39105224609375,0.4970000088214874
he_img_0017.png,12,541.5756225585938,174.729248046875,0.690000057220459
he_img_0017.png,13,557.3491821289062,222.82705688476562,0.8390000462532043
he_img_0017.png,14,571.1076049804688,264.88140869140625,1.321000099182129
he_img_0017.png,15,583.298583984375,301.9516296386719,0.5049999952316284
he_img_0017.png,16,502.81158447265625,151.15371704101562,0.8245000243186951
he_img_0017.png,17,521.6409912109375,202.1182403564453,0.9140000343322754
he_img_0017.png,18,538.0399169921875,246.56829833984375,0.7620000243186951
he_img_0017.png,19,552.5311279296875,285.5816345214844,0.4970000088214874
he_img_0018.png,0,378.8736572265625,164.11178588867188,0.5440000295639038
he_img_0018.png,1,402.2796630859375,206.0583038330078,0.5660000443458557
he_img_0018.png,2,424.00286865234375,245.03150939941406,0.5879999995231628
he_img_0018.png,3,444.2738342285156,281.261474609375,0.6105000376701355
he_img_0018.png,4,369.850341796875,195.63186645507812,0.5509999990463257
he_img_0018.png,5,393.41937255859375,236.1026153564453,0.5730000138282776
he_img_0018.png,6,415.2565612792969,273.5933837890625,0.597000002861023
he_img_0018.png,7,435.6777038574219,308.522216796875,0.6200000047683716
he_img_0018.png,8,335.36578369140625,184.55105590820312,0.5330000519752502
he_img_0018.png,9,360.9890441894531,226.62896728515625,0.5590000152587891
he_img_0018.png,10,384.6948547363281,265.5216979980469,0.578000009059906
he_img_0018.png,11,406.7696228027344,301.6726989746094,0.6030000448226929
he_img_0018.png,12,326.63616943359375,216.58834838867188,0.5390000343322754
he_img_0018.png,13,352.38372802734375,257.0404968261719,0.5600000023841858
he_img_0018.png,14,376.2252197265625,294.47296142578125,0.5835000276565552
he_img_0018.png,15,398.3900146484375,329.3094787597656,0.609000027179718
he_img_0018.png,16,290.0502624511719,205.90826416015625,0.5230000019073486
he_img_0018.png,17,318.1262512207031,247.99122619628906,0.5470000505447388
he_img_0018.png,18,343.9706115722656,286.86468505859375,0.5680000185966492
he_img_0018.png,19,367.9403991699219,322.8884582519531,0.5910000205039978
he_img_0019.png,0,509.100830078125,229.29415893554688,0.5240000486373901
he_img_0019.png,1,511.310302734375,267.0155944824219,0.5560000538825989
he_img_0019.png,2,513.3048706054688,301.0442810058594,0.5830000042915344
he_img_0019.png,3,515.1600341796875,331.8317565917969,0.6130000352859497
he_img_0019.png,4,486.0634765625,249.83595275878906,0.5320000052452087
he_img_0019.png,5,489.4685363769531,285.8233642578125,0.5640000104904175
he_img_0019.png,6,492.5423889160156,318.29888916015625,0.5940000414848328
he_img_0019.png,7,495.36505126953125,347.76348876953125,0.625
he_img_0019.png,8,459.044677734375,231.4735565185547,0.5130000114440918
he_img_0019.png,9,463.9714660644531,269.6240539550781,0.534000039100647
he_img_0019.png,10,468.4365234375,303.9625549316406,0.5670000314712524
he_img_0019.png,11,472.4988708496094,334.9638366699219,0.5955000519752502
he_img_0019.png,12,436.7569885253906,252.2926483154297,0.5250000357627869
he_img_0019.png,13,442.7815246582031,288.6912536621094,0.5520000457763672
he_img_0019.png,14,448.25927734375,321.4563903808594,0.5760000348091125
he_img_0019.png,15,453.20318603515625,351.1233215332031,0.6170000433921814
he_img_0019.png,16,407.5194396972656,233.71176147460938,0.5070000290870667
he_img_0019.png,17,415.35565185546875,272.3243713378906,0.5320000052452087
he_img_0019.png,18,422.3983459472656,306.9881286621094,0.5660000443458557
he_img_0019.png,19,428.785888671875,338.2357482910156,0.5950000286102295
he_img_0020.png,0,344.66046142578125,115.98127746582031,0.550000011920929
he_img_0020.png,1,367.6895751953125,159.07740783691406,0.5710000395774841
he_img_0020.png,2,388.7772521972656,198.6603240966797,0.6000000238418579
he_img_0020.png,3,408.2497863769531,235.14556884765625,0.625
he_img_0020.png,4,334.9735412597656,146.9674835205078,0.5600000023841858
he_img_0020.png,5,358.1025695800781,188.24093627929688,0.5820000171661377
he_img_0020.png,6,379.34716796875,226.178955078125,0.6070000529289246
he_img_0020.png,7,398.9684143066406,261.2086486816406,0.6350000500679016
he_img_0020.png,8,300.0821533203125,134.01193237304688,0.5400000214576721
he_img_0020.png,9,325.5525207519531,177.16476440429688,0.5670000314712524
he_img_0020.png,10,348.8103942871094,216.7017822265625,0.5920000076293945
he_img_0020.png,11,370.1802673339844,253.08676147460938,0.6170000433921814
he_img_0020.png,12,290.853271484375,165.37530517578125,0.5440000295639038
he_img_0020.png,13,316.3865966796875,206.65550231933594,0.5710000395774841
he_img_0020.png,14,339.72882080078125,244.4972686767578,0.5960000157356262
he_img_0020.png,15,361.2608947753906,279.40301513671875,0.6230000257492065
he_img_0020.png,16,253.7234344482422,152.71336364746094,0.5320000052452087
he_img_0020.png,17,281.88250732421875,195.88668823242188,0.5550000071525574
he_img_0020.png,18,307.4792175292969,235.3746337890625,0.5830000042915344
he_img_0020.png,19,330.95782470703125,271.64605712890625,0.6060000061988831
he_img_0021.png,0,619.128173828125,131.7657470703125,0.5045000314712524
he_img_0021.png,1,647.1073608398438,202.4860076904297,0.5509999990463257
he_img_0021.png,2,670.7401123046875,262.37091064453125,0.656000018119812
he_img_0021.png,3,690.9127197265625,313.6557312011719,0.6450000405311584
he_img_0021.png,4,596.8231201171875,175.25112915039062,0.5630000233650208
he_img_0021.png,5,624.8197021484375,238.1922607421875,0.5595000386238098
he_img_0021.png,6,648.740478515625,291.9503173828125,0.6010000109672546
he_img_0021.png,7,669.3663940429688,338.39874267578125,0.6650000214576721
he_img_0021.png,8,544.7741088867188,147.188720703125,0.5260000228881836
he_img_0021.png,9,577.4125366210938,213.27395629882812,0.6050000190734863
he_img_0021.png,10,605.2263793945312,269.63427734375,0.6190000176429749
he_img_0021.png,11,629.1953735351562,318.30181884765625,0.628000020980835
he_img_0021.png,12,528.4476318359375,187.65455627441406,0.5400000214576721
he_img_0021.png,13,560.3577270507812,246.7400665283203,0.8910000324249268
he_img_0021.png,14,587.8226928710938,297.64398193359375,1.1460000276565552
he_img_0021.png,15,611.6581420898438,341.8905944824219,0.6960000395774841
he_img_0021.png,16,477.89947509765625,161.18045043945312,0.5360000133514404
he_img_0021.png,17,514.1598510742188,223.1829071044922,0.6010000109672546
he_img_0021.png,18,545.2687377929688,276.4306335449219,0.5770000219345093
he_img_0021.png,19,572.2882080078125,322.67266845703125,0.6840000152587891
he_img_0022.png,0,705.6609497070312,174.73460388183594,0.5790000557899475
he_img_0022.png,1,742.2224731445312,228.89517211914062,0.5450000166893005
he_img_0022.png,2,777.436279296875,281.35455322265625,0.5540000200271606
he_img_0022.png,3,811.3031005859375,332.0815734863281,0.6370000243186951
he_img_0022.png,4,697.9227294921875,220.35719299316406,0.6110000014305115
he_img_0022.png,5,733.5398559570312,272.29510498046875,3.142500162124634
he_img_0022.png,6,767.8864135742188,322.56134033203125,0.5685000419616699
he_img_0022.png,7,800.926025390625,371.1504211425781,1.505000114440918
he_img_0022.png,8,654.6831665039062,212.10630798339844,0.5360000133514404
he_img_0022.png,9,690.609619140625,263.46331787109375,0.5740000009536743
he_img_0022.png,10,725.3287353515625,313.2737731933594,0.593000054359436
he_img_0022.png,11,758.8182373046875,361.4862060546875,1.8630000352859497
he_img_0022.png,12,648.65625,254.90773010253906,3.824000120162964
he_img_0022.png,13,683.6644897460938,304.21917724609375,0.6240000128746033
he_img_0022.png,14,717.5291137695312,352.0314636230469,1.0870000123977661
he_img_0022.png,15,750.2084350585938,398.28546142578125,1.3970000743865967
he_img_0022.png,16,607.7565307617188,246.595947265625,0.5830000042915344
he_img_0022.png,17,643.0013427734375,295.41314697265625,0.5330000519752502
he_img_0022.png,18,677.1446533203125,342.7823791503906,0.7900000214576721
he_img_0022.png,19,710.160888671875,388.7002868652344,6.014000415802002
he_img_0023.png,0,608.5859375,141.43077087402344,0.7260000109672546
he_img_0023.png,1,632.4434204101562,192.6434326171875,1.0180000066757202
he_img_0023.png,2,653.4966430664062,237.7898406982422,1.4210001230239868
he_img_0023.png,3,672.1898803710938,277.9265441894531,0.534000039100647
he_img_0023.png,4,592.8375854492188,177.96006774902344,1.3220000267028809
he_img_0023.png,5,616.6896362304688,224.7967987060547,1.28000009059906
he_img_0023.png,6,637.8072509765625,266.3616943359375,1.433000087738037
he_img_0023.png,7,656.6483764648438,303.4637756347656,0.5
he_img_0023.png,8,551.6436767578125,162.78262329101562,0.6930000185966492
he_img_0023.png,9,578.4857788085938,211.39964294433594,1.4575001001358032
he_img_0023.png,10,602.2304077148438,254.43751525878906,1.2990000247955322
he_img_0023.png,11,623.3167724609375,292.76513671875,0.49800002574920654
he_img_0023.png,12,538.50390625,197.40374755859375,2.240000009536743
he_img_0023.png,13,565.3518676757812,242.0966033935547,1.6150001287460327
he_img_0023.png,14,588.892578125,281.7009582519531,1.4185000658035278
he_img_0023.png,15,609.9312744140625,317.208251953125,0.5115000009536743
he_img_0023.png,16,497.66290283203125,183.14913940429688,2.2350001335144043
he_img_0023.png,17,527.1182250976562,229.35171508789062,2.1430001258850098
he_img_0023.png,18,553.2490234375,270.3744812011719,0.5660000443458557
he_img_0023.png,19,576.5639038085938,307.0074157714844,0.5020000338554382
he_img_0025.png,0,611.66064453125,95.20243072509766,0.4970000088214874
he_img_0025.png,1,663.1766967773438,160.806884765625,0.5575000047683716
he_img_0025.png,2,705.2208251953125,214.53802490234375,0.5040000081062317
he_img_0025.png,3,740.0437622070312,259.3254089355469,0.7505000233650208
he_img_0025.png,4,601.4706420898438,142.7537078857422,2.1579999923706055
he_img_0025.png,5,649.6944580078125,198.5613555908203,0.8810000419616699
he_img_0025.png,6,689.6934814453125,245.02682495117188,1.0700000524520874
he_img_0025.png,7,723.3506469726562,284.27392578125,0.6470000147819519
he_img_0025.png,8,538.4325561523438,124.49500274658203,7.36400032043457
he_img_0025.png,9,592.9955444335938,182.40110778808594,0.7830000519752502
he_img_0025.png,10,638.245849609375,230.5472412109375,0.9430000185966492
he_img_0025.png,11,676.3531494140625,271.23291015625,1.0010000467300415
he_img_0025.png,12,535.2188110351562,166.0620574951172,3.5250000953674316
he_img_0025.png,13,585.8802490234375,215.93637084960938,0.8845000267028809
he_img_0025.png,14,628.449462890625,258.0322265625,1.0230000019073486
he_img_0025.png,15,664.71435546875,294.0000915527344,0.9120000600814819
he_img_0025.png,16,476.4165344238281,149.5210723876953,1.3165000677108765
he_img_0025.png,17,532.5179443359375,201.1393585205078,0.5010000467300415
he_img_0025.png,18,579.7822265625,244.70712280273438,2.1019999980926514
he_img_0025.png,19,619.9696044921875,281.8671875,3.7985002994537354
he_img_0026.png,0,614.5505981445312,155.42320251464844,0.4960000216960907
he_img_0026.png,1,663.3502807617188,214.57244873046875,0.690000057220459
he_img_0026.png,2,704.261962890625,264.4736022949219,0.5350000262260437
he_img_0026.png,3,739.056884765625,307.06048583984375,0.815000057220459
he_img_0026.png,4,605.926513671875,199.07061767578125,2.0440001487731934
he_img_0026.png,5,651.7667236328125,250.40011596679688,1.3700001239776611
he_img_0026.png,6,690.76318359375,294.1885681152344,1.6500000953674316
he_img_0026.png,7,724.2357788085938,331.954833984375,1.0705000162124634
he_img_0026.png,8,547.8323974609375,183.48562622070312,0.7360000610351562
he_img_0026.png,9,598.6221923828125,236.24160766601562,0.9040000438690186
he_img_0026.png,10,641.8493041992188,281.25177001953125,1.0110000371932983
he_img_0026.png,11,678.9879150390625,320.0941162109375,1.0820000171661377
he_img_0026.png,12,544.8497924804688,222.04574584960938,0.8710000514984131
he_img_0026.png,13,592.3614501953125,268.2514343261719,0.8870000243186951
he_img_0026.png,14,633.2160034179688,308.1531677246094,0.9800000190734863
he_img_0026.png,15,668.66943359375,342.8855895996094,1.1460000276565552
he_img_0026.png,16,490.52618408203125,207.69764709472656,1.3450000286102295
he_img_0026.png,17,542.2968139648438,255.1666259765625,0.5879999995231628
he_img_0026.png,18,586.8653564453125,296.10882568359375,1.446000099182129
he_img_0026.png,19,625.576171875,331.748046875,1.65500009059906
he_img_0027.png,0,512.6141357421875,244.54855346679688,0.7020000219345093
he_img_0027.png,1,543.5907592773438,291.4052429199219,0.656000018119812
he_img_0027.png,2,570.2425537109375,331.7021789550781,0.5700000524520874
he_img_0027.png,3,593.4078369140625,366.7134094238281,0.6040000319480896
he_img_0027.png,4,498.1931457519531,281.8708190917969,0.5240000486373901
he_img_0027.png,5,528.9222412109375,324.0650939941406,0.5980000495910645
he_img_0027.png,6,555.5283203125,360.5191955566406,0.6130000352859497
he_img_0027.png,7,578.76904296875,392.3641662597656,0.6730000376701355
he_img_0027.png,8,449.77069091796875,271.76531982421875,0.5020000338554382
he_img_0027.png,9,485.0501708984375,315.9566345214844,0.5520000457763672
he_img_0027.png,10,515.4612426757812,354.0389709472656,3.5890002250671387
he_img_0027.png,11,541.968017578125,387.14208984375,0.655500054359436
he_img_0027.png,12,438.4962463378906,307.39739990234375,0.5410000085830688
he_img_0027.png,13,473.1324157714844,347.1280517578125,0.5460000038146973
he_img_0027.png,14,503.1401672363281,381.639892578125,0.6440000534057617
he_img_0027.png,15,529.4401245117188,411.760009765625,0.6660000085830688
he_img_0027.png,16,388.865966796875,298.2734069824219,0.5090000033378601
he_img_0027.png,17,428.2161560058594,339.8816833496094,0.5540000200271606
he_img_0027.png,18,462.17156982421875,375.79730224609375,0.5670000314712524
he_img_0027.png,19,491.8538818359375,407.1086120605469,0.6680000424385071
he_img_0028.png,0,607.79296875,176.9298095703125,0.5300000309944153
he_img_0028.png,1,607.2255859375,217.77249145507812,0.5610000491142273
he_img_0028.png,2,606.7330932617188,254.6963653564453,0.5890000462532043
he_img_0028.png,3,606.34033203125,288.2627258300781,0.6190000176429749
he_img_0028.png,4,584.0096435546875,197.69482421875,0.5410000085830688
he_img_0028.png,5,584.663330078125,236.6128692626953,0.5670000314712524
he_img_0028.png,6,585.2501220703125,271.8802490234375,0.6010000109672546
he_img_0028.png,7,585.8457641601562,303.96966552734375,0.6270000338554382
he_img_0028.png,8,559.427978515625,176.49664306640625,0.5250000357627869
he_img_0028.png,9,561.3418579101562,217.5590362548828,0.5520000457763672
he_img_0028.png,10,563.0631103515625,254.68373107910156,0.5860000252723694
he_img_0028.png,11,564.7387084960938,288.3628234863281,0.612000048160553
he_img_0028.png,12,536.6500854492188,197.42864990234375,0.5390000343322754
he_img_0028.png,13,539.7020263671875,236.52545166015625,0.5640000104904175
he_img_0028.png,14,542.4722900390625,271.93865966796875,0.5950000286102295
he_img_0028.png,15,545.0114135742188,304.21051025390625,0.624500036239624
he_img_0028.png,16,510.5906677246094,176.11605834960938,0.5200000405311584
he_img_0028.png,17,515.0347290039062,217.41015625,0.5520000457763672
he_img_0028.png,18,519.0520629882812,254.71377563476562,0.5760000348091125
he_img_0028.png,19,522.7324829101562,288.56793212890625,0.612000048160553
he_img_0029.png,0,694.3707275390625,154.7924346923828,0.6530000567436218
he_img_0029.png,1,691.706787109375,200.4681396484375,0.8225000500679016
he_img_0029.png,2,689.3607177734375,240.3948974609375,0.503000020980835
he_img_0029.png,3,687.3078002929688,275.6472473144531,0.534000039100647
he_img_0029.png,4,665.1837768554688,176.50424194335938,0.7940000295639038
he_img_0029.png,5,664.49462890625,219.1397705078125,0.49800002574920654
he_img_0029.png,6,663.9213256835938,256.6052551269531,0.5210000276565552
he_img_0029.png,7,663.4037475585938,289.7970886230469,0.5530000329017639
he_img_0029.png,8,636.910888671875,151.0756072998047,0.8085000514984131
he_img_0029.png,9,638.15625,196.6487579345703,0.8260000348091125
he_img_0029.png,10,639.23095703125,236.52122497558594,0.5080000162124634
he_img_0029.png,11,640.1472778320312,271.765625,0.5400000214576721
he_img_0029.png,12,610.1749877929688,172.78289794921875,0.7740000486373901
he_img_0029.png,13,613.083251953125,215.35513305664062,0.4960000216960907
he_img_0029.png,14,615.64990234375,252.79351806640625,0.5260000228881836
he_img_0029.png,15,617.9243774414062,285.9681701660156,0.5560000538825989
he_img_0029.png,16,580.4013671875,147.4955291748047,0.7790000438690186
he_img_0029.png,17,585.3910522460938,192.9259490966797,0.5870000123977661
he_img_0029.png,18,589.7374877929688,232.79339599609375,0.5080000162124634
he_img_0029.png,19,593.5750732421875,267.9696350097656,0.5420000553131104
he_img_0030.png,0,585.9593505859375,160.7327880859375,0.5300000309944153
he_img_0030.png,1,600.2429809570312,204.2811279296875,0.5540000200271606
he_img_0030.png,2,613.367431640625,244.4334259033203,0.5760000348091125
he_img_0030.png,3,625.5889892578125,281.68585205078125,0.6020000576972961
he_img_0030.png,4,571.0349731445312,189.0350799560547,0.5440000295639038
he_img_0030.png,5,585.52880859375,230.3950958251953,0.5690000057220459
he_img_0030.png,6,598.9483642578125,268.6558532714844,0.593000054359436
he_img_0030.png,7,611.3872680664062,304.14007568359375,0.612000048160553
he_img_0030.png,8,540.9573364257812,173.42124938964844,0.5350000262260437
he_img_0030.png,9,556.8540649414062,215.96934509277344,0.5590000152587891
he_img_0030.png,10,571.53857421875,255.31326293945312,0.5840000510215759
he_img_0030.png,11,585.20068359375,291.74163818359375,0.6080000400543213
he_img_0030.png,12,527.3453369140625,201.11671447753906,0.550000011920929
he_img_0030.png,13,543.37158203125,241.57110595703125,0.5750000476837158
he_img_0030.png,14,558.2435913085938,279.0511779785156,0.5990000367164612
he_img_0030.png,15,572.1821899414062,313.7506408691406,0.625
he_img_0030.png,16,496.92474365234375,185.85665893554688,0.5420000553131104
he_img_0030.png,17,514.4088134765625,227.471435546875,0.5670000314712524
he_img_0030.png,18,530.6290893554688,265.9955749511719,0.5900000333786011
he_img_0030.png,19,545.6178588867188,301.6834716796875,0.6150000095367432
